{
  "version": 2,
  "builds": [
    {
      "src": "package.json",
      "use": "@vercel/static-build",
      "config": {
        "distDir": "build"
      }
    }
  ],
  "rewrites": [
    {
      "source": "/static/(.*)",
      "destination": "/static/$1"
    },
    {
      "source": "/favicon.ico",
      "destination": "/favicon.ico"
    },
    {
      "source": "/manifest.json",
      "destination": "/manifest.json"
    },
    {
      "source": "/(.*)",
      "destination": "/index.html"
    }
  ],
  "headers": [
    {
      "source": "/static/(.*)",
      "headers": [
        {
          "key": "Cache-Control",
          "value": "public, max-age=31536000, immutable"
        }
      ]
    }
  ]
}
